subject;body;answer;type;queue;priority;language;business_type;tag_1;tag_2;tag_3;tag_4;tag_5;tag_6;tag_7;tag_8;tag_9;
Problema crítico del servidor requiere atención inmediata;Es necesaria una investigación inmediata sobre la interrupción en el servicio de gestión de AWS que está impactando funciones comerciales esenciales.;Estamos investigando urgentemente el problema con el servicio de gestión de AWS. Proporcionaremos actualizaciones sobre nuestro progreso.;Incident;Technical Support;high;es;IT Services;Urgent Issue;Service Disruption;Incident Report;Service Recovery;System Maintenance;;;;;
Anfrage zur Verfügbarkeit des Dell XPS 13 9310;Sehr geehrter Kundenservice,;Sehr geehrter <name>,;Request;Customer Service;low;de;Tech Online Store;Sales Inquiry;Product Support;Customer Service;Order Issue;Returns and Exchanges;;;;;
;;;;;;;;;;;;;;;;;
;ich hoffe, diese E-Mail erreicht Sie wohl. Ich schreibe, um mich nach der Verfügbarkeit und den Lieferoptionen für das Dell XPS 13 9310 Ultrabook zu erkundigen. Könnten Sie mir bitte mitteilen, ob dieses Modell derzeit auf Lager ist und die geschätzte Lieferzeit zu meinem Standort? Ich bin sehr daran interessiert, es so schnell wie möglich zu kaufen.;vielen Dank, dass Sie uns kontaktiert haben. Das Dell XPS 13 9310 Ultrabook ist derzeit verfügbar. Die geschätzte Lieferzeit variiert je nach Ihrem Standort, liegt jedoch normalerweise zwischen 3-5 Werktagen. Bitte geben Sie Ihren Standort an, um eine genauere Schätzung zu erhalten.;;;;;;;;;;;;;;;
;;;;;;;;;;;;;;;;;
;Vielen Dank für Ihre Unterstützung.;Wir freuen uns darauf, Ihnen beim Kauf zu helfen.;;;;;;;;;;;;;;;
;;;;;;;;;;;;;;;;;
;Mit freundlichen Grüßen,;Mit freundlichen Grüßen,;;;;;;;;;;;;;;;
;<name>;Kundenservice;;;;;;;;;;;;;;;
Erro na Autocompletação de Código do IntelliJ IDEA;Prezado Suporte ao Cliente <name>,;Prezado <name>,;Incident;Technical Support;high;pt;IT Services;Technical Support;Software Bug;Problem Resolution;Urgent Issue;IT Support;;;;;
;;;;;;;;;;;;;;;;;
;Estou escrevendo para trazer à sua atenção um problema recorrente com o recurso de autocompletação de código no IntelliJ IDEA 2024.1. Este problema específico faz com que o aplicativo travar frequentemente durante o desenvolvimento, o que está prejudicando significativamente minha produtividade. Cada vez que tento usar o recurso de autocompletação de código, o software fica sem resposta, levando eventualmente a um travamento. Já tentei os passos comuns de solução de problemas, como reinstalação e aplicação das atualizações mais recentes, mas o problema persiste. Agradeceria sua orientação sobre como resolver esse problema o mais rápido possível. Obrigado pela sua atenção.;Obrigado por entrar em contato e nos informar sobre o problema com o recurso de autocompletação de código no IntelliJ IDEA 2024.1. Entendemos o quão crucial essa ferramenta é para o seu trabalho de desenvolvimento.;;;;;;;;;;;;;;;
;;;;;;;;;;;;;;;;;
;Atenciosamente,;Para ajudá-lo melhor, por favor, tente os seguintes passos:;;;;;;;;;;;;;;;
;<name>;1. Verifique a compatibilidade do seu sistema com o IntelliJ IDEA 2024.1.;;;;;;;;;;;;;;;
;;2. Limpe o cache da IDE acessando Arquivo > Invalidar Caches / Reiniciar.;;;;;;;;;;;;;;;
;;3. Desative quaisquer plugins desnecessários para ver se estão causando conflitos.;;;;;;;;;;;;;;;
;;4. Aumente a alocação de memória para o aplicativo por meio das opções de VM.;;;;;;;;;;;;;;;
;;;;;;;;;;;;;;;;;
;;Se o problema persistir, por favor, nos envie os logs (localizados em Ajuda > Coletar Logs) para uma análise mais profunda. Estamos comprometidos em resolver esse problema o mais rápido possível.;;;;;;;;;;;;;;;
;;;;;;;;;;;;;;;;;
;;Atenciosamente,;;;;;;;;;;;;;;;
;;Equipe de Suporte ao Cliente;;;;;;;;;;;;;;;
Urgent Assistance Required: AWS Service;Dear IT Services Support Team, ;Dear <name>,;Request;IT Support;high;en;IT Services;IT Support;Urgent Issue;Service Notification;Cloud Services;Problem Resolution;Technical Guidance;Performance Tuning;;;
;;;;;;;;;;;;;;;;;
;I am reaching out regarding a high-priority ticket related to our AWS Management Service. We are experiencing significant challenges in deploying services and optimizing our cloud infrastructure costs. It is crucial for us to gain clarity and efficient solutions on this matter. ;Thank you for reaching out regarding your AWS Management Service issues. I understand the urgency and the impact on your operational efficiency and financial planning. We will prioritize your ticket and escalate it to our AWS specialists who will contact you shortly. ;;;;;;;;;;;;;;;
;;;;;;;;;;;;;;;;;
;We have been noticing higher-than-expected expenditure, and the deployment process appears to have several hurdles that prevent smooth operation. As this is affecting our operational efficiency and financial planning, your expert assistance is urgently requested. ;In the meantime, please ensure your AWS account details are handy, as it will facilitate a more efficient troubleshooting process. They will assist you in optimizing your cloud infrastructure costs and streamlining your deployment process. ;;;;;;;;;;;;;;;
;;;;;;;;;;;;;;;;;
;Could you please prioritize this ticket and guide us on the best practices to streamline deployment and manage costs effectively on AWS? Your prompt response will greatly aid in mitigating potential losses and optimizing current systems. ;We are committed to providing a solution quickly to minimize any potential losses. Thank you for your patience and cooperation.;;;;;;;;;;;;;;;
;;;;;;;;;;;;;;;;;
;Thank you for your immediate attention and expertise.;Best regards,;;;;;;;;;;;;;;;
;;IT Services Support Team;;;;;;;;;;;;;;;
;Best regards, ;;;;;;;;;;;;;;;;
;;;;;;;;;;;;;;;;;
;<name>;;;;;;;;;;;;;;;;
;<acc_num>;;;;;;;;;;;;;;;;
;<name@example.com>;;;;;;;;;;;;;;;;
;<tel_num>;;;;;;;;;;;;;;;;